{
  "configVersion": 1,
  "timestamp": 1565692509769,
  "index": "/index.html",
  "assetGroups": [
    {
      "name": "app",
      "installMode": "prefetch",
      "updateMode": "prefetch",
      "urls": [
        "/10.f813d7345764d32ac06a.js",
        "/100.a8713add9eb1906ffabe.js",
        "/101.801be6cf70cc7862eb0b.js",
        "/102.cb0692c88a5fd91a5d10.js",
        "/103.49454cec964852962df4.js",
        "/104.8892557c45b321796f28.js",
        "/105.4fe871e66e02266f410e.js",
        "/106.4a5d10dac4acf0b6197c.js",
        "/107.e7155fdf5a3050bcd99b.js",
        "/108.3efa91e4ee1a688f692c.js",
        "/109.bd442c94bf06a27d4459.js",
        "/110.a4a4e36d5fa8e52cd617.js",
        "/111.e085bb6f736508d83cbb.js",
        "/112.8faa056957b5f9509831.js",
        "/113.00054cec71847d017c1b.js",
        "/114.92e304a19e7e897b0049.js",
        "/115.bc6fc2adb2b114de1de9.js",
        "/116.59f7e9a6efb04b91f5fd.js",
        "/117.1b3e4e104113b34b9e43.js",
        "/118.5906ae9b90455c43332e.js",
        "/119.84a347d4aef2ea362d78.js",
        "/120.2be9798f4ec0ca1912fc.js",
        "/121.460399065edb93667b17.js",
        "/122.c82af666b9773ffd1567.js",
        "/123.d968d6ddb04da0e64bc9.js",
        "/15.f9a2401311f15a8302c7.js",
        "/16.7c71181b8e439e1a899f.js",
        "/17.769e693bab15536febbc.js",
        "/18.9e032cf3b35c93a7f61f.js",
        "/19.034a8f6b883702a864a9.js",
        "/2.6784577bb62a31507358.js",
        "/20.87d1d1e984aa485e5f29.js",
        "/21.f7dbbaab3540ca9cce06.js",
        "/22.9d2549fc744889a110a1.js",
        "/23.cee1e5ff0b8b511eed8a.js",
        "/24.4f9cd472b4feb930ea56.js",
        "/25.c63b36bb640102f5bd25.js",
        "/26.2aa25631e797155053cf.js",
        "/27.35e514ed5bc73ca69bb5.js",
        "/28.c01ac4b371c55eba7a73.js",
        "/29.976e892338ee531266c2.js",
        "/3.8a895dac9a06646a60a7.js",
        "/30.3755fc5528ac8670731a.js",
        "/31.ddea1951b62206e93c64.js",
        "/32.37ee7109e0657690abe0.js",
        "/33.8fb2aa043333ffe897b3.js",
        "/34.c21de1a256b4a0d37a39.js",
        "/35.2de597c7da3518fbf0de.js",
        "/36.2f1c471e3b69ee34cba7.js",
        "/37.3efed0f613e799431f2f.js",
        "/38.425a6422d29a2353780f.js",
        "/39.3006a2660f81c4c3487a.js",
        "/4.19adf787f31267ea7bed.js",
        "/40.d1d1b588160fec9eba59.js",
        "/41.bff305d41c0655aac76e.js",
        "/42.61bb4141ca7b16457c0a.js",
        "/43.5458c518d18f15628ab6.js",
        "/44.cbf00d2d842c717e8328.js",
        "/45.27baecd0451178dac641.js",
        "/46.b3b81d6d1ebe90c14aa1.js",
        "/47.d727ee05ff1077820ad5.js",
        "/48.57bf81c781deb6ffb6fe.js",
        "/49.59ad247d3e6b73766e07.js",
        "/5.b8b518b070227d4a8d55.js",
        "/50.a0454243c5ec571b7096.js",
        "/51.dab0703c3cf2fd3f3aca.js",
        "/52.0e7392476c42eaf28de5.js",
        "/53.e576c76b9794ae5816cd.js",
        "/54.205f61440d0519ea1e29.js",
        "/55.6aac104541a5392e3a85.js",
        "/56.ab38def8e670d07cb929.js",
        "/57.027a0961e071383f3d62.js",
        "/58.4baf4ccb6eb5e7ee6b0f.js",
        "/59.46ba725651f83ad2ca97.js",
        "/6.28b44adb0d2f67909cc0.js",
        "/60.c6702bd7e3e101eff95b.js",
        "/61.1f3e4442129f1e68467f.js",
        "/62.baa665a7f4a35bc2b758.js",
        "/63.1ccc396e836edb5ed11c.js",
        "/64.2a0a4fd78b3349e603b4.js",
        "/65.748cf61cfd063ad04350.js",
        "/66.708e32532113ddef4058.js",
        "/67.f3d39671148ea2b6b233.js",
        "/68.dc4a1e3e60386dc5979d.js",
        "/69.43295bff0eb01f19b5ab.js",
        "/7.d2614e46073dad97b12a.js",
        "/70.bb93815395c1ae6f2766.js",
        "/71.4269d424ff32a54de3a6.js",
        "/72.21054efd96f84399283a.js",
        "/73.74de58d2936e43b85dc9.js",
        "/74.ca6bf1b5db1bf1f56b01.js",
        "/75.b69302d75c2e31a4277c.js",
        "/76.bfaa4f23e95995c70b5b.js",
        "/77.7cf46279f091d12f1df5.js",
        "/78.d26b3fbe282a1aba61f7.js",
        "/79.7935c02a0bc79f90bd9b.js",
        "/8.b194e367a8f2fd5dae5b.js",
        "/80.b57173a6a8c11dd9f67f.js",
        "/81.e3d0d0b0c9f86ad19b6e.js",
        "/82.2764cdc9ca61bc2e54b3.js",
        "/83.cef0e21fdc4150faa85d.js",
        "/84.f93afb9c6182a19a67ee.js",
        "/85.6894e142e79383f180a7.js",
        "/86.b1229dd5eec35ca18d96.js",
        "/87.f655e8daf1eeb98e95ba.js",
        "/88.586d67991136d7e37bd6.js",
        "/89.1d20df734460d400bac8.js",
        "/9.b2aa55498432421a9d80.js",
        "/90.ca8f525926791daa0a20.js",
        "/91.b99271685b35678182c6.js",
        "/92.ff45eea0ad856789e0c2.js",
        "/93.e1cd82ff8428e3311f5f.js",
        "/94.a49a0e2f7c01513fe01c.js",
        "/95.d7c66f6dabd8d4478d19.js",
        "/96.3590e0cc8db8013b1765.js",
        "/97.cac50ec162fdea5eb886.js",
        "/98.fd4018aa04ee4892e5bd.js",
        "/99.5b5b86eb3727788fd42e.js",
        "/common.b79512b9604486bdea22.js",
        "/es2015-polyfills.1300b4f0d9b4ea160f0d.js",
        "/index.html",
        "/main.339fb49d2ddd7b128e33.js",
        "/polyfills.cf863e9c4ab99cb30479.js",
        "/runtime.c39922b9f057210662c0.js",
        "/styles.6cb25e171f368aa89e90.css"
      ],
      "patterns": []
    },
    {
      "name": "assets",
      "installMode": "lazy",
      "updateMode": "prefetch",
      "urls": [
        "/assets/fonts/Bebas-Regular.ttf",
        "/assets/fonts/KeepCalm-Medium.ttf",
        "/assets/fonts/Quicksand_Book.otf",
        "/assets/fonts/bebas/About.txt",
        "/assets/fonts/bebas/Bebas-Regular.otf",
        "/assets/fonts/bebas/Bebas-Regular.ttf",
        "/assets/fonts/bebas/Lisense.txt",
        "/assets/fonts/quicksand.zip",
        "/assets/icon/favicon.png",
        "/assets/icons/icon-128x128.png",
        "/assets/icons/icon-144x144.png",
        "/assets/icons/icon-152x152.png",
        "/assets/icons/icon-192x192.png",
        "/assets/icons/icon-384x384.png",
        "/assets/icons/icon-512x512.png",
        "/assets/icons/icon-72x72.png",
        "/assets/icons/icon-96x96.png",
        "/assets/images/eventos-b2b.jpg",
        "/assets/images/eventos-industriales.jpg",
        "/assets/images/organizacion-eventos.jpeg",
        "/assets/images/organizadores-eventos.jpg",
        "/assets/images/servicios/audio-para-eventos.jpg",
        "/assets/images/servicios/desarrollo-estructural-en-aluminio-para-eventos.jpg",
        "/assets/images/servicios/desarrollo-estructural-en-octanorm-para-eventos.jpg",
        "/assets/images/servicios/iluminacion-para-eventos.jpg",
        "/assets/images/servicios/pantalla-led-para-eventos.jpg",
        "/assets/videos/o.mp4"
      ],
      "patterns": []
    }
  ],
  "dataGroups": [],
  "hashTable": {
    "/10.f813d7345764d32ac06a.js": "2b57dd57906f500d2406b47118d19620af7c7a2e",
    "/100.a8713add9eb1906ffabe.js": "79bb6926a394eb19977e98568f9cf13e7dce7f23",
    "/101.801be6cf70cc7862eb0b.js": "6fb06f79ae3858cb63f17bfc8ba7454eb83a2dd3",
    "/102.cb0692c88a5fd91a5d10.js": "4abebbce5efeda59c4ed601fcd2fbd89fc520885",
    "/103.49454cec964852962df4.js": "436544e5c4466a1f863f09b86d7db63b761f7563",
    "/104.8892557c45b321796f28.js": "ed05e83a4224bb5b639eb72b8e8e71afbee55b89",
    "/105.4fe871e66e02266f410e.js": "0d651341875c0557c89a3aed03a001b281b9868e",
    "/106.4a5d10dac4acf0b6197c.js": "1cc3d258bda7b51a89d3038ef3346bf7f4f293e1",
    "/107.e7155fdf5a3050bcd99b.js": "e1c88ef4a0f46ffc8eef2927995317fc8330a0c2",
    "/108.3efa91e4ee1a688f692c.js": "1de9a6f16ce4985b9e2cfbce65b3fd50720822ce",
    "/109.bd442c94bf06a27d4459.js": "00df5892ae6c5dee6f68e7b5ca0a2a23de3f941d",
    "/110.a4a4e36d5fa8e52cd617.js": "619d6d9941c061c104bf4d4ea7ca867416018fa5",
    "/111.e085bb6f736508d83cbb.js": "232a2b350e892eaafc2e18ce29d3727707fc88b6",
    "/112.8faa056957b5f9509831.js": "27cdea3f1efe7cfd6882e7c1f1f05139e28fc7d3",
    "/113.00054cec71847d017c1b.js": "bb06613c4a5437bfcacd2c1365d55d0c9cb5130e",
    "/114.92e304a19e7e897b0049.js": "9286ef071d30545c25b9a88d562a194482a18ed1",
    "/115.bc6fc2adb2b114de1de9.js": "7a56643bb3af171f06f9de3a982a36c1163d9546",
    "/116.59f7e9a6efb04b91f5fd.js": "eecc2f3379961adc6f123a1178798ea03f9ee7d7",
    "/117.1b3e4e104113b34b9e43.js": "07f233419b2af13da00a585a9de324b30fd54ea5",
    "/118.5906ae9b90455c43332e.js": "37a2f004d614cf66451d5e3a65aaa938b3c7d1e2",
    "/119.84a347d4aef2ea362d78.js": "bd2834fbafa85b367a4f49ffa367fb7157f80925",
    "/120.2be9798f4ec0ca1912fc.js": "88d020ae76bf63e1cfb002e7fa30ce63b731cf70",
    "/121.460399065edb93667b17.js": "062a9d1a60647f550cd5727c3984331ec9a49e6f",
    "/122.c82af666b9773ffd1567.js": "63f6dd24910e3d33cd1063f71c1aede2a0f66718",
    "/123.d968d6ddb04da0e64bc9.js": "31380e4b7ddb511935942737b7abddcbb59afba6",
    "/15.f9a2401311f15a8302c7.js": "e67f6c3122b03f6486bf7b3541a9e5c3975b9ac4",
    "/16.7c71181b8e439e1a899f.js": "372a362034f61973e1f9b646f0a725b61339de76",
    "/17.769e693bab15536febbc.js": "4935b64eecea15ba758dbb821599b33afd5dec4e",
    "/18.9e032cf3b35c93a7f61f.js": "961345fae4e37280edd883e966c92fe843b46eb8",
    "/19.034a8f6b883702a864a9.js": "4ae1d84f4c8e8a93cd520751dc9a3a6ae27f20d6",
    "/2.6784577bb62a31507358.js": "ce114d3d19d351a7a68d62652beae4b089b78196",
    "/20.87d1d1e984aa485e5f29.js": "92d052e51b8917fa192ab7ed03936a227088d6d6",
    "/21.f7dbbaab3540ca9cce06.js": "963d58b17c9f1c645ceb74bb00f39d6ab6d00c2a",
    "/22.9d2549fc744889a110a1.js": "fa1ea960f51d3a0fae7c16eb9638eb1227d67953",
    "/23.cee1e5ff0b8b511eed8a.js": "4cc46babbfa14bf046231222bcebd4a0237990b3",
    "/24.4f9cd472b4feb930ea56.js": "2ba408363b097b158d9501c9f42e49d797240dcb",
    "/25.c63b36bb640102f5bd25.js": "ff58c9bdd12472b2b61315058622bf0bfe50b09c",
    "/26.2aa25631e797155053cf.js": "6b13f96fedf3abdb61bf787c725df0660217e28b",
    "/27.35e514ed5bc73ca69bb5.js": "45d47ad6892aaf093d750804dce4596f48fa03ad",
    "/28.c01ac4b371c55eba7a73.js": "ccedf5d4bf0392355ebfa9c711c2231fb9ea1c01",
    "/29.976e892338ee531266c2.js": "617c4ad44703b86aa7ba283bdfce57d62cf409c7",
    "/3.8a895dac9a06646a60a7.js": "cfaab9d304c69ecdf8d525383c936ebc5e8e873c",
    "/30.3755fc5528ac8670731a.js": "72b5378c5248bb8dd5c01b5bbbd1f037066874a0",
    "/31.ddea1951b62206e93c64.js": "b1204aaf1174720f0b29b2899ab577d6f5524bc9",
    "/32.37ee7109e0657690abe0.js": "8f8b190a17290379ceb25496aaf0ada843dc6988",
    "/33.8fb2aa043333ffe897b3.js": "49f91b252ab5fb45425b308948ff6d63fd26b140",
    "/34.c21de1a256b4a0d37a39.js": "c5d8750d5ec9be649e0be9e4f01c59c6f51b35dd",
    "/35.2de597c7da3518fbf0de.js": "ca14bada7743eba4fb7819ce0094d4f530d7a414",
    "/36.2f1c471e3b69ee34cba7.js": "03b77f5cf555c96afa49360f4c78229f388f0dfe",
    "/37.3efed0f613e799431f2f.js": "9ad093457b5e0ce1fbfb2922275df06286c43826",
    "/38.425a6422d29a2353780f.js": "3f882d50637e60115b13a41c1f158d74e6fcc957",
    "/39.3006a2660f81c4c3487a.js": "235f755c8aad3ec5d0bc3c01884b6c74043087c8",
    "/4.19adf787f31267ea7bed.js": "0b9b5bbd304a8d8e24b7ad02167831749ac6a2a4",
    "/40.d1d1b588160fec9eba59.js": "1736e7e2e2c27a780538c2cd00c3a1da162efac5",
    "/41.bff305d41c0655aac76e.js": "46536aa3c822679ba294c955a5116385fbd46ebe",
    "/42.61bb4141ca7b16457c0a.js": "2b761fee119b85d81149a1557abf43a653c9c702",
    "/43.5458c518d18f15628ab6.js": "41c96244fc9e81b5d5eb381f0e9bfdbab4bce6b7",
    "/44.cbf00d2d842c717e8328.js": "78464140878366cba67487faea70bbc4ee020eb9",
    "/45.27baecd0451178dac641.js": "4a101b14fa76adcf374c41b10a066efac900eec3",
    "/46.b3b81d6d1ebe90c14aa1.js": "3f7c37caae62fd2b36b06b8101a03bb16974c6cd",
    "/47.d727ee05ff1077820ad5.js": "ebb0e557fa946a511f8b98029e8accab329db9c4",
    "/48.57bf81c781deb6ffb6fe.js": "e006e9527597e9659b0b0391caa17ceda1346a25",
    "/49.59ad247d3e6b73766e07.js": "a15afcaa5adcc5be208af264ba6baf77a3777328",
    "/5.b8b518b070227d4a8d55.js": "21dff1856651fbb2fe2b1065f33f10f693719285",
    "/50.a0454243c5ec571b7096.js": "64ac1212e1d8cb7aa3489c83f07c1b94b1a982e7",
    "/51.dab0703c3cf2fd3f3aca.js": "c35ee15fd61124e6bada41089fc6b522bcf622ba",
    "/52.0e7392476c42eaf28de5.js": "3ff1737e5ecfc48f1a5bfd8627b8d20f1713aa00",
    "/53.e576c76b9794ae5816cd.js": "577693ab97a3aec5c8cec93f87b422d70d5d35ae",
    "/54.205f61440d0519ea1e29.js": "2d886670c870fdb10a30fac0591ea8ec6de8e47a",
    "/55.6aac104541a5392e3a85.js": "72566b900a5e25647a593de2b3852bc0191ce385",
    "/56.ab38def8e670d07cb929.js": "ae05d8da8b54e1188282cead164bc22bfb9223b8",
    "/57.027a0961e071383f3d62.js": "24a98c23510bdcf727283940cc706553590bad2f",
    "/58.4baf4ccb6eb5e7ee6b0f.js": "792376605d293eab0d4df53eb72965c7661cec7c",
    "/59.46ba725651f83ad2ca97.js": "dc97a4680c145aabc899ec157ea6590e1bb12ef6",
    "/6.28b44adb0d2f67909cc0.js": "a9b6978fa015372105320d5aab4091000f824825",
    "/60.c6702bd7e3e101eff95b.js": "aaf0ce3c5d033d4af4268fd76fb65b273a2effe9",
    "/61.1f3e4442129f1e68467f.js": "2c3a178e80e04cb07108d580a457b155dfa7a83d",
    "/62.baa665a7f4a35bc2b758.js": "63a02d670dd8ee8483d58d082f43d57232655f1c",
    "/63.1ccc396e836edb5ed11c.js": "a007fa7e129ebdb6c31ef0688cfd13dbce5fffd1",
    "/64.2a0a4fd78b3349e603b4.js": "8285fe6412e0b072b411aee1fb0a2fd24252b16b",
    "/65.748cf61cfd063ad04350.js": "2e1dd1468229e7f5f3b187c0279b54a7e4673389",
    "/66.708e32532113ddef4058.js": "52c9dec073f8187b64df6478011321910572da28",
    "/67.f3d39671148ea2b6b233.js": "e9c6e13fff981712aa7df1aa76707fa2dd2e8c18",
    "/68.dc4a1e3e60386dc5979d.js": "306c8ec59e017a6e3fb6bc8062e9872c86f9e065",
    "/69.43295bff0eb01f19b5ab.js": "df797ba3710fb668f3cf5e303e1e28ddaf88c327",
    "/7.d2614e46073dad97b12a.js": "6d19f2bd1b4d36e48bde3250df20d82802455886",
    "/70.bb93815395c1ae6f2766.js": "dbc21baa21eaedaf1ce4ff73d80de2fcd43e16a0",
    "/71.4269d424ff32a54de3a6.js": "35a1bf8726f0f322d4c1149a5d22775fed1c11da",
    "/72.21054efd96f84399283a.js": "3759084ea675486bb778083d1bf8e295f59723c4",
    "/73.74de58d2936e43b85dc9.js": "4c6ed354f05254491c1321fdef76f8f21af9ce99",
    "/74.ca6bf1b5db1bf1f56b01.js": "ff98fe0d2fdd7fa0e65701ac420464ebe13c75f6",
    "/75.b69302d75c2e31a4277c.js": "480546c86648319a699d5ef6b47030723becf6c6",
    "/76.bfaa4f23e95995c70b5b.js": "b89f2365c12c31272adf23d07e62207badfffd36",
    "/77.7cf46279f091d12f1df5.js": "6f205db668c0bde13ed736ac187f6bb4c63c966b",
    "/78.d26b3fbe282a1aba61f7.js": "b1eb1198cc8858130b3ab63c167ab2ecc76fae27",
    "/79.7935c02a0bc79f90bd9b.js": "694fd5c1c0ef45088dca2f172f9ee3e61405e849",
    "/8.b194e367a8f2fd5dae5b.js": "ade1bfe980830ee8354180c34cc711c4d8a99220",
    "/80.b57173a6a8c11dd9f67f.js": "8b31219f7962d5bc6c29b809e0c4c084287c1de5",
    "/81.e3d0d0b0c9f86ad19b6e.js": "8db1b30a9fe9911c08f02c0960bee4773cf74206",
    "/82.2764cdc9ca61bc2e54b3.js": "4314f0c3f849ae6a7c6f570975a32b7900e3e312",
    "/83.cef0e21fdc4150faa85d.js": "d344fb2751a1de46c4975b49d484ef4fc73e3d36",
    "/84.f93afb9c6182a19a67ee.js": "4380e15ff5f4d35dc3c612756476745d144a02ab",
    "/85.6894e142e79383f180a7.js": "6629d491a0dbc63f09a1ee2366f2f9ecb546bfe8",
    "/86.b1229dd5eec35ca18d96.js": "4fe9b49dbebc6cd990680aa0770d6d0ec097ff18",
    "/87.f655e8daf1eeb98e95ba.js": "beaa2f5017fec33820bdadf779460d9f63776907",
    "/88.586d67991136d7e37bd6.js": "cf10f73cef7c16dd96706a8716ba22b32c08c909",
    "/89.1d20df734460d400bac8.js": "04bc929d1aa393b5aa31d5af118273881745b0d8",
    "/9.b2aa55498432421a9d80.js": "ca86c5a6e178244e2d971cc91a229f71fc7531cd",
    "/90.ca8f525926791daa0a20.js": "e6d03894209be4d6b1e2c54b2737a01b2e3f1cc2",
    "/91.b99271685b35678182c6.js": "19964e6a7a6178014d4850a187b09f1db7f7aa0d",
    "/92.ff45eea0ad856789e0c2.js": "e06fcac80f697ee6e14ed9019286cc5bb529f8c2",
    "/93.e1cd82ff8428e3311f5f.js": "7280dbe805dbfe74fc7f5186fd4225d9dfcd9374",
    "/94.a49a0e2f7c01513fe01c.js": "0b699e7a05d40440a71fd4263aebb7fc52cacf5f",
    "/95.d7c66f6dabd8d4478d19.js": "4f3d76ad1f69feba908409db71351b2f6885b275",
    "/96.3590e0cc8db8013b1765.js": "f5d319c2a0714bed1e0a577bac7855d040bfa1cd",
    "/97.cac50ec162fdea5eb886.js": "f6167697c0cb872a095c11984289129f8d019242",
    "/98.fd4018aa04ee4892e5bd.js": "0fc447abeaee0b96c200a5fcec93ac5b51112b67",
    "/99.5b5b86eb3727788fd42e.js": "54aa3193a4e6a0da924dc6a4cde5707bd79717fe",
    "/assets/fonts/Bebas-Regular.ttf": "b2c1f38ef8e1956cab074cb99d497af9921b92da",
    "/assets/fonts/KeepCalm-Medium.ttf": "dc37c320c0401e017103d89a5827eb9ea0352e24",
    "/assets/fonts/Quicksand_Book.otf": "63a1c72addf5c0a5f6d931275b02a94222842115",
    "/assets/fonts/bebas/About.txt": "90f7a3aeda2d4f25b40faa619dfd738a85d946bd",
    "/assets/fonts/bebas/Bebas-Regular.otf": "fb53823a9fe7ef893ecf6f70ce685c265184bb91",
    "/assets/fonts/bebas/Bebas-Regular.ttf": "b2c1f38ef8e1956cab074cb99d497af9921b92da",
    "/assets/fonts/bebas/Lisense.txt": "cdf0f28c43ed5f4bfaa6f59cb51aa95d7cb8589f",
    "/assets/fonts/quicksand.zip": "e35671e3a08b4ae0beed3be0878b4ed7e91ea904",
    "/assets/icon/favicon.png": "b0777863b52462d34e67ec8bc5e8936ba5506f9b",
    "/assets/icons/icon-128x128.png": "a6aca6cd66edbe6211b8941f54e084deeb6f2da6",
    "/assets/icons/icon-144x144.png": "6f38b57efa0999d3f26b19ea6db70efd92acd145",
    "/assets/icons/icon-152x152.png": "3335337b1597bacdb206980db79adf46692226f1",
    "/assets/icons/icon-192x192.png": "f71bd04bd6a7a17ed0fd4c8788161f617de9d1ab",
    "/assets/icons/icon-384x384.png": "ca851a1c7e1695d486d51894e371d1264755491e",
    "/assets/icons/icon-512x512.png": "cd733959911164d2a6cf482a2f9e667c959f03ad",
    "/assets/icons/icon-72x72.png": "b0777863b52462d34e67ec8bc5e8936ba5506f9b",
    "/assets/icons/icon-96x96.png": "669556757cf13348f14f3ed3c2339ff48455d68c",
    "/assets/images/eventos-b2b.jpg": "195792171026404ced46760b4a813f9a9699ba61",
    "/assets/images/eventos-industriales.jpg": "9f0b2ddab7a9e07bebbfece1ebeb6195c1e1d6a0",
    "/assets/images/organizacion-eventos.jpeg": "d795cbfe939c93eb63158ee147ca9cc393b5cade",
    "/assets/images/organizadores-eventos.jpg": "18dfe253f199850d054af3c1e6dc717d921e5431",
    "/assets/images/servicios/audio-para-eventos.jpg": "abb7e55ee2a7429baad49bb47ebc5114ab263ea1",
    "/assets/images/servicios/desarrollo-estructural-en-aluminio-para-eventos.jpg": "ef2820d19a302915acf1e11b701e0cba14231f21",
    "/assets/images/servicios/desarrollo-estructural-en-octanorm-para-eventos.jpg": "8ea9612c0a77f6a03763e5ab63cf6dcf39a494de",
    "/assets/images/servicios/iluminacion-para-eventos.jpg": "55ab0a434d870e012966a420edfd5151c2853153",
    "/assets/images/servicios/pantalla-led-para-eventos.jpg": "70c1320dd70d1daa5ddea92977f268fe6600f16e",
    "/assets/videos/o.mp4": "71f3e06ed4143a5bcad720a31ff51ad61489056c",
    "/common.b79512b9604486bdea22.js": "1fef8930e41d2bf6515ae43639f0001fbb0419ed",
    "/es2015-polyfills.1300b4f0d9b4ea160f0d.js": "a271543bf99f9896b0a9378a01ff50fa1a57c767",
    "/index.html": "e26057a0e7c947d9b5a67dbfded59a2f2d41edf5",
    "/main.339fb49d2ddd7b128e33.js": "21632244bcda94928fab72f93b40c41e0034b086",
    "/polyfills.cf863e9c4ab99cb30479.js": "51ede3ba9f534a8446f0d86ee2e07056990d82a1",
    "/runtime.c39922b9f057210662c0.js": "a3bc3d9fb6de444274d440c5b83c0d3f09e9048d",
    "/styles.6cb25e171f368aa89e90.css": "aa32ca29fd6f2bca369bc1ed88c649c6f7e62877"
  },
  "navigationUrls": [
    {
      "positive": true,
      "regex": "^\\/.*$"
    },
    {
      "positive": false,
      "regex": "^\\/(?:.+\\/)?[^/]*\\.[^/]*$"
    },
    {
      "positive": false,
      "regex": "^\\/(?:.+\\/)?[^/]*__[^/]*$"
    },
    {
      "positive": false,
      "regex": "^\\/(?:.+\\/)?[^/]*__[^/]*\\/.*$"
    }
  ]
}